first_name,last_name,email,phone,dob,sex,event_id,event_name,distance_id,label,bib
Alexander,Patel,alexander.patel8945@peerracing.test,555-289-7912,1950-11-07,M,c49b3976-c4a2-4f5d-9a2e-e38d722695c7,Big Race,9675567e-ef9c-40bc-84a2-19f3c1a81c71,100 Miler PR Qual,1
Frank,Wood,frank.wood8938@peerracing.test,555-629-4611,1988-04-19,M,c49b3976-c4a2-4f5d-9a2e-e38d722695c7,Big Race,9675567e-ef9c-40bc-84a2-19f3c1a81c71,100 Miler PR Qual,2
Jose,Jones,jose.jones5178@peerracing.test,555-610-5386,1953-12-08,M,c49b3976-c4a2-4f5d-9a2e-e38d722695c7,Big Race,9675567e-ef9c-40bc-84a2-19f3c1a81c71,100 Miler PR Qual,3
Peter,Reed,peter.reed5165@peerracing.test,555-417-9179,1983-06-30,M,c49b3976-c4a2-4f5d-9a2e-e38d722695c7,Big Race,9675567e-ef9c-40bc-84a2-19f3c1a81c71,100 Miler PR Qual,4
Lauren,Howard,lauren.howard6553@peerracing.test,555-570-4593,1960-05-29,F,c49b3976-c4a2-4f5d-9a2e-e38d722695c7,Big Race,9675567e-ef9c-40bc-84a2-19f3c1a81c71,100 Miler PR Qual,5
Betty,Cooper,betty.cooper3305@peerracing.test,555-930-6107,1983-10-18,F,c49b3976-c4a2-4f5d-9a2e-e38d722695c7,Big Race,9675567e-ef9c-40bc-84a2-19f3c1a81c71,100 Miler PR Qual,6
Kevin,Williams,kevin.williams9648@peerracing.test,555-767-4770,2000-10-16,M,c49b3976-c4a2-4f5d-9a2e-e38d722695c7,Big Race,9675567e-ef9c-40bc-84a2-19f3c1a81c71,100 Miler PR Qual,7
Sarah,Diaz,sarah.diaz3016@peerracing.test,555-485-8579,1970-05-30,F,c49b3976-c4a2-4f5d-9a2e-e38d722695c7,Big Race,9675567e-ef9c-40bc-84a2-19f3c1a81c71,100 Miler PR Qual,8
Alexander,Walker,alexander.walker6625@peerracing.test,555-322-5033,1999-12-09,M,c49b3976-c4a2-4f5d-9a2e-e38d722695c7,Big Race,9675567e-ef9c-40bc-84a2-19f3c1a81c71,100 Miler PR Qual,9
Brandon,Hernandez,brandon.hernandez6878@peerracing.test,555-873-9565,1976-05-19,M,c49b3976-c4a2-4f5d-9a2e-e38d722695c7,Big Race,9675567e-ef9c-40bc-84a2-19f3c1a81c71,100 Miler PR Qual,10
Betty,Bennett,betty.bennett5157@peerracing.test,555-444-5351,1983-07-05,F,c49b3976-c4a2-4f5d-9a2e-e38d722695c7,Big Race,9675567e-ef9c-40bc-84a2-19f3c1a81c71,100 Miler PR Qual,11
Ryan,Richardson,ryan.richardson9234@peerracing.test,555-302-2200,1996-03-26,M,c49b3976-c4a2-4f5d-9a2e-e38d722695c7,Big Race,9675567e-ef9c-40bc-84a2-19f3c1a81c71,100 Miler PR Qual,12
Nicholas,King,nicholas.king2180@peerracing.test,555-557-2127,1969-11-30,M,c49b3976-c4a2-4f5d-9a2e-e38d722695c7,Big Race,9675567e-ef9c-40bc-84a2-19f3c1a81c71,100 Miler PR Qual,13
Donna,Lee,donna.lee7189@peerracing.test,555-756-5956,2002-11-16,F,c49b3976-c4a2-4f5d-9a2e-e38d722695c7,Big Race,9675567e-ef9c-40bc-84a2-19f3c1a81c71,100 Miler PR Qual,14
Kimberly,Miller,kimberly.miller1522@peerracing.test,555-849-7939,1972-10-27,F,c49b3976-c4a2-4f5d-9a2e-e38d722695c7,Big Race,9675567e-ef9c-40bc-84a2-19f3c1a81c71,100 Miler PR Qual,15
James,Nelson,james.nelson2153@peerracing.test,555-852-5291,1962-06-30,M,c49b3976-c4a2-4f5d-9a2e-e38d722695c7,Big Race,9675567e-ef9c-40bc-84a2-19f3c1a81c71,100 Miler PR Qual,16
Brenda,Price,brenda.price7017@peerracing.test,555-774-1158,1958-01-13,F,c49b3976-c4a2-4f5d-9a2e-e38d722695c7,Big Race,9675567e-ef9c-40bc-84a2-19f3c1a81c71,100 Miler PR Qual,17
Patricia,Thompson,patricia.thompson5452@peerracing.test,555-621-5065,1971-12-08,F,c49b3976-c4a2-4f5d-9a2e-e38d722695c7,Big Race,9675567e-ef9c-40bc-84a2-19f3c1a81c71,100 Miler PR Qual,18
Gregory,Harris,gregory.harris6538@peerracing.test,555-536-5564,1954-03-24,M,c49b3976-c4a2-4f5d-9a2e-e38d722695c7,Big Race,9675567e-ef9c-40bc-84a2-19f3c1a81c71,100 Miler PR Qual,19
Edward,Kelly,edward.kelly3124@peerracing.test,555-460-1727,1987-02-13,M,c49b3976-c4a2-4f5d-9a2e-e38d722695c7,Big Race,9675567e-ef9c-40bc-84a2-19f3c1a81c71,100 Miler PR Qual,20
Eric,Morgan,eric.morgan3238@peerracing.test,555-572-8066,1954-04-11,M,c49b3976-c4a2-4f5d-9a2e-e38d722695c7,Big Race,9675567e-ef9c-40bc-84a2-19f3c1a81c71,100 Miler PR Qual,21
Cynthia,Gray,cynthia.gray3511@peerracing.test,555-723-8752,1963-03-23,F,c49b3976-c4a2-4f5d-9a2e-e38d722695c7,Big Race,9675567e-ef9c-40bc-84a2-19f3c1a81c71,100 Miler PR Qual,22
Samuel,Ruiz,samuel.ruiz100@peerracing.test,555-968-2746,1986-02-21,M,c49b3976-c4a2-4f5d-9a2e-e38d722695c7,Big Race,9675567e-ef9c-40bc-84a2-19f3c1a81c71,100 Miler PR Qual,23
Jack,Stewart,jack.stewart7383@peerracing.test,555-465-5050,2005-03-16,M,c49b3976-c4a2-4f5d-9a2e-e38d722695c7,Big Race,9675567e-ef9c-40bc-84a2-19f3c1a81c71,100 Miler PR Qual,24
Elizabeth,Alvarez,elizabeth.alvarez4691@peerracing.test,555-440-5451,1978-02-17,F,c49b3976-c4a2-4f5d-9a2e-e38d722695c7,Big Race,9675567e-ef9c-40bc-84a2-19f3c1a81c71,100 Miler PR Qual,25
Lauren,Cooper,lauren.cooper1330@peerracing.test,555-341-3471,1968-09-29,F,c49b3976-c4a2-4f5d-9a2e-e38d722695c7,Big Race,9675567e-ef9c-40bc-84a2-19f3c1a81c71,100 Miler PR Qual,26
Debra,Martin,debra.martin3515@peerracing.test,555-265-7797,1984-07-26,F,c49b3976-c4a2-4f5d-9a2e-e38d722695c7,Big Race,9675567e-ef9c-40bc-84a2-19f3c1a81c71,100 Miler PR Qual,27
Amy,Smith,amy.smith5773@peerracing.test,555-505-7389,1985-08-04,F,c49b3976-c4a2-4f5d-9a2e-e38d722695c7,Big Race,9675567e-ef9c-40bc-84a2-19f3c1a81c71,100 Miler PR Qual,28
Betty,Collins,betty.collins5365@peerracing.test,555-545-7211,1972-12-17,F,c49b3976-c4a2-4f5d-9a2e-e38d722695c7,Big Race,9675567e-ef9c-40bc-84a2-19f3c1a81c71,100 Miler PR Qual,29
Kimberly,Hernandez,kimberly.hernandez7715@peerracing.test,555-219-9837,1952-09-02,F,c49b3976-c4a2-4f5d-9a2e-e38d722695c7,Big Race,9675567e-ef9c-40bc-84a2-19f3c1a81c71,100 Miler PR Qual,30
Scott,Cox,scott.cox1886@peerracing.test,555-996-3683,1975-11-27,M,c49b3976-c4a2-4f5d-9a2e-e38d722695c7,Big Race,9675567e-ef9c-40bc-84a2-19f3c1a81c71,100 Miler PR Qual,31
Justin,Brown,justin.brown5121@peerracing.test,555-789-7149,1983-08-02,M,c49b3976-c4a2-4f5d-9a2e-e38d722695c7,Big Race,9675567e-ef9c-40bc-84a2-19f3c1a81c71,100 Miler PR Qual,32
Elizabeth,Cook,elizabeth.cook5600@peerracing.test,555-212-7882,1991-12-23,F,c49b3976-c4a2-4f5d-9a2e-e38d722695c7,Big Race,9675567e-ef9c-40bc-84a2-19f3c1a81c71,100 Miler PR Qual,33
Jason,Campbell,jason.campbell7542@peerracing.test,555-924-3506,1987-01-26,M,c49b3976-c4a2-4f5d-9a2e-e38d722695c7,Big Race,9675567e-ef9c-40bc-84a2-19f3c1a81c71,100 Miler PR Qual,34
Amanda,Brown,amanda.brown8108@peerracing.test,555-532-3979,1991-09-28,F,c49b3976-c4a2-4f5d-9a2e-e38d722695c7,Big Race,9675567e-ef9c-40bc-84a2-19f3c1a81c71,100 Miler PR Qual,35
Eric,Harris,eric.harris1412@peerracing.test,555-447-7658,1991-10-31,M,c49b3976-c4a2-4f5d-9a2e-e38d722695c7,Big Race,9675567e-ef9c-40bc-84a2-19f3c1a81c71,100 Miler PR Qual,36
Andrew,Robinson,andrew.robinson5922@peerracing.test,555-383-5952,1949-04-08,M,c49b3976-c4a2-4f5d-9a2e-e38d722695c7,Big Race,9675567e-ef9c-40bc-84a2-19f3c1a81c71,100 Miler PR Qual,37
Paul,Garcia,paul.garcia903@peerracing.test,555-766-5786,1959-04-30,M,c49b3976-c4a2-4f5d-9a2e-e38d722695c7,Big Race,9675567e-ef9c-40bc-84a2-19f3c1a81c71,100 Miler PR Qual,38
Joan,Cruz,joan.cruz4881@peerracing.test,555-802-8025,1975-05-25,F,c49b3976-c4a2-4f5d-9a2e-e38d722695c7,Big Race,9675567e-ef9c-40bc-84a2-19f3c1a81c71,100 Miler PR Qual,39
Brandon,Patel,brandon.patel1635@peerracing.test,555-981-4404,2004-02-12,M,c49b3976-c4a2-4f5d-9a2e-e38d722695c7,Big Race,9675567e-ef9c-40bc-84a2-19f3c1a81c71,100 Miler PR Qual,40
Christopher,Smith,christopher.smith6703@peerracing.test,555-661-8699,1974-02-16,M,c49b3976-c4a2-4f5d-9a2e-e38d722695c7,Big Race,9675567e-ef9c-40bc-84a2-19f3c1a81c71,100 Miler PR Qual,41
Cynthia,Hernandez,cynthia.hernandez9808@peerracing.test,555-240-8078,1976-11-30,F,c49b3976-c4a2-4f5d-9a2e-e38d722695c7,Big Race,9675567e-ef9c-40bc-84a2-19f3c1a81c71,100 Miler PR Qual,42
Pamela,Garcia,pamela.garcia2880@peerracing.test,555-681-9502,2006-06-13,F,c49b3976-c4a2-4f5d-9a2e-e38d722695c7,Big Race,9675567e-ef9c-40bc-84a2-19f3c1a81c71,100 Miler PR Qual,43
Joan,Scott,joan.scott2983@peerracing.test,555-799-8141,2004-12-12,F,c49b3976-c4a2-4f5d-9a2e-e38d722695c7,Big Race,9675567e-ef9c-40bc-84a2-19f3c1a81c71,100 Miler PR Qual,44
Barbara,Stewart,barbara.stewart5710@peerracing.test,555-618-6460,1976-10-20,F,c49b3976-c4a2-4f5d-9a2e-e38d722695c7,Big Race,9675567e-ef9c-40bc-84a2-19f3c1a81c71,100 Miler PR Qual,45
John,Watson,john.watson9985@peerracing.test,555-445-3594,1975-11-17,M,c49b3976-c4a2-4f5d-9a2e-e38d722695c7,Big Race,9675567e-ef9c-40bc-84a2-19f3c1a81c71,100 Miler PR Qual,46
Samuel,Martin,samuel.martin8175@peerracing.test,555-933-5781,1993-08-26,M,c49b3976-c4a2-4f5d-9a2e-e38d722695c7,Big Race,9675567e-ef9c-40bc-84a2-19f3c1a81c71,100 Miler PR Qual,47
Edward,Harris,edward.harris9830@peerracing.test,555-720-3236,1954-04-06,M,c49b3976-c4a2-4f5d-9a2e-e38d722695c7,Big Race,9675567e-ef9c-40bc-84a2-19f3c1a81c71,100 Miler PR Qual,48
Evelyn,Adams,evelyn.adams3100@peerracing.test,555-914-4912,1999-04-19,F,c49b3976-c4a2-4f5d-9a2e-e38d722695c7,Big Race,9675567e-ef9c-40bc-84a2-19f3c1a81c71,100 Miler PR Qual,49
Heather,King,heather.king5556@peerracing.test,555-838-7512,2006-04-19,F,c49b3976-c4a2-4f5d-9a2e-e38d722695c7,Big Race,9675567e-ef9c-40bc-84a2-19f3c1a81c71,100 Miler PR Qual,50
Sandra,Myers,sandra.myers1490@peerracing.test,555-644-2612,2004-11-08,F,c49b3976-c4a2-4f5d-9a2e-e38d722695c7,Big Race,9675567e-ef9c-40bc-84a2-19f3c1a81c71,100 Miler PR Qual,51
Jeffrey,Perez,jeffrey.perez4916@peerracing.test,555-229-1753,1977-02-06,M,c49b3976-c4a2-4f5d-9a2e-e38d722695c7,Big Race,9675567e-ef9c-40bc-84a2-19f3c1a81c71,100 Miler PR Qual,52
Andrew,Rivera,andrew.rivera6151@peerracing.test,555-641-3385,1969-11-27,M,c49b3976-c4a2-4f5d-9a2e-e38d722695c7,Big Race,9675567e-ef9c-40bc-84a2-19f3c1a81c71,100 Miler PR Qual,53
Emma,Diaz,emma.diaz4107@peerracing.test,555-667-5949,1965-11-14,F,c49b3976-c4a2-4f5d-9a2e-e38d722695c7,Big Race,9675567e-ef9c-40bc-84a2-19f3c1a81c71,100 Miler PR Qual,54
Pamela,Nguyen,pamela.nguyen4847@peerracing.test,555-222-7484,1972-08-16,F,c49b3976-c4a2-4f5d-9a2e-e38d722695c7,Big Race,9675567e-ef9c-40bc-84a2-19f3c1a81c71,100 Miler PR Qual,55
Larry,Mendoza,larry.mendoza813@peerracing.test,555-820-9138,1973-09-04,M,c49b3976-c4a2-4f5d-9a2e-e38d722695c7,Big Race,9675567e-ef9c-40bc-84a2-19f3c1a81c71,100 Miler PR Qual,56
Joshua,Cruz,joshua.cruz556@peerracing.test,555-793-6977,1959-10-16,M,c49b3976-c4a2-4f5d-9a2e-e38d722695c7,Big Race,9675567e-ef9c-40bc-84a2-19f3c1a81c71,100 Miler PR Qual,57
Peter,Nguyen,peter.nguyen5362@peerracing.test,555-965-7807,1963-10-04,M,c49b3976-c4a2-4f5d-9a2e-e38d722695c7,Big Race,9675567e-ef9c-40bc-84a2-19f3c1a81c71,100 Miler PR Qual,58
Elizabeth,Jackson,elizabeth.jackson3706@peerracing.test,555-892-7511,1997-12-31,F,c49b3976-c4a2-4f5d-9a2e-e38d722695c7,Big Race,9675567e-ef9c-40bc-84a2-19f3c1a81c71,100 Miler PR Qual,59
Nathan,Campbell,nathan.campbell1637@peerracing.test,555-902-7018,1996-11-05,M,c49b3976-c4a2-4f5d-9a2e-e38d722695c7,Big Race,9675567e-ef9c-40bc-84a2-19f3c1a81c71,100 Miler PR Qual,60
Linda,Gomez,linda.gomez4530@peerracing.test,555-394-3001,1988-10-17,F,c49b3976-c4a2-4f5d-9a2e-e38d722695c7,Big Race,9675567e-ef9c-40bc-84a2-19f3c1a81c71,100 Miler PR Qual,61
Gregory,Ramirez,gregory.ramirez9793@peerracing.test,555-221-1828,1977-12-02,M,c49b3976-c4a2-4f5d-9a2e-e38d722695c7,Big Race,9675567e-ef9c-40bc-84a2-19f3c1a81c71,100 Miler PR Qual,62
Jose,Robinson,jose.robinson5393@peerracing.test,555-992-3417,2001-06-20,M,c49b3976-c4a2-4f5d-9a2e-e38d722695c7,Big Race,9675567e-ef9c-40bc-84a2-19f3c1a81c71,100 Miler PR Qual,63
Gregory,Brown,gregory.brown2169@peerracing.test,555-215-6869,1969-05-06,M,c49b3976-c4a2-4f5d-9a2e-e38d722695c7,Big Race,9675567e-ef9c-40bc-84a2-19f3c1a81c71,100 Miler PR Qual,64
Paul,Richardson,paul.richardson9600@peerracing.test,555-761-6327,1982-03-04,M,c49b3976-c4a2-4f5d-9a2e-e38d722695c7,Big Race,9675567e-ef9c-40bc-84a2-19f3c1a81c71,100 Miler PR Qual,65
Kathleen,Cook,kathleen.cook9929@peerracing.test,555-640-2624,1958-04-07,F,c49b3976-c4a2-4f5d-9a2e-e38d722695c7,Big Race,9675567e-ef9c-40bc-84a2-19f3c1a81c71,100 Miler PR Qual,66
Deborah,Martin,deborah.martin7780@peerracing.test,555-268-2494,1955-08-29,F,c49b3976-c4a2-4f5d-9a2e-e38d722695c7,Big Race,9675567e-ef9c-40bc-84a2-19f3c1a81c71,100 Miler PR Qual,67
Christine,Thomas,christine.thomas6740@peerracing.test,555-562-7929,1952-08-12,F,c49b3976-c4a2-4f5d-9a2e-e38d722695c7,Big Race,9675567e-ef9c-40bc-84a2-19f3c1a81c71,100 Miler PR Qual,68
Jessica,Ross,jessica.ross4574@peerracing.test,555-787-4705,1986-07-01,F,c49b3976-c4a2-4f5d-9a2e-e38d722695c7,Big Race,9675567e-ef9c-40bc-84a2-19f3c1a81c71,100 Miler PR Qual,69
Janet,Brooks,janet.brooks512@peerracing.test,555-293-9691,1967-04-20,F,c49b3976-c4a2-4f5d-9a2e-e38d722695c7,Big Race,9675567e-ef9c-40bc-84a2-19f3c1a81c71,100 Miler PR Qual,70
Jennifer,Lewis,jennifer.lewis6485@peerracing.test,555-813-1897,1948-09-08,F,c49b3976-c4a2-4f5d-9a2e-e38d722695c7,Big Race,9675567e-ef9c-40bc-84a2-19f3c1a81c71,100 Miler PR Qual,71
Edward,Morgan,edward.morgan3780@peerracing.test,555-712-6802,1954-06-19,M,c49b3976-c4a2-4f5d-9a2e-e38d722695c7,Big Race,9675567e-ef9c-40bc-84a2-19f3c1a81c71,100 Miler PR Qual,72
Donna,Anderson,donna.anderson6646@peerracing.test,555-221-6321,1963-06-02,F,c49b3976-c4a2-4f5d-9a2e-e38d722695c7,Big Race,9675567e-ef9c-40bc-84a2-19f3c1a81c71,100 Miler PR Qual,73
Joyce,Ruiz,joyce.ruiz5938@peerracing.test,555-290-8155,1957-06-30,F,c49b3976-c4a2-4f5d-9a2e-e38d722695c7,Big Race,9675567e-ef9c-40bc-84a2-19f3c1a81c71,100 Miler PR Qual,74
Jason,Ramos,jason.ramos6570@peerracing.test,555-736-2288,1983-07-04,M,c49b3976-c4a2-4f5d-9a2e-e38d722695c7,Big Race,9675567e-ef9c-40bc-84a2-19f3c1a81c71,100 Miler PR Qual,75
Eric,Rogers,eric.rogers3186@peerracing.test,555-994-6724,1979-07-01,M,c49b3976-c4a2-4f5d-9a2e-e38d722695c7,Big Race,9675567e-ef9c-40bc-84a2-19f3c1a81c71,100 Miler PR Qual,76
Kathleen,Howard,kathleen.howard9091@peerracing.test,555-956-1672,1988-05-06,F,c49b3976-c4a2-4f5d-9a2e-e38d722695c7,Big Race,9675567e-ef9c-40bc-84a2-19f3c1a81c71,100 Miler PR Qual,77
Susan,Baker,susan.baker1391@peerracing.test,555-716-3827,1951-07-06,F,c49b3976-c4a2-4f5d-9a2e-e38d722695c7,Big Race,9675567e-ef9c-40bc-84a2-19f3c1a81c71,100 Miler PR Qual,78
Frank,Cruz,frank.cruz7209@peerracing.test,555-736-9564,2002-09-16,M,c49b3976-c4a2-4f5d-9a2e-e38d722695c7,Big Race,9675567e-ef9c-40bc-84a2-19f3c1a81c71,100 Miler PR Qual,79
George,Mitchell,george.mitchell4644@peerracing.test,555-596-7697,1978-05-10,M,c49b3976-c4a2-4f5d-9a2e-e38d722695c7,Big Race,9675567e-ef9c-40bc-84a2-19f3c1a81c71,100 Miler PR Qual,80
Tyler,Watson,tyler.watson5492@peerracing.test,555-267-6401,1956-06-23,M,c49b3976-c4a2-4f5d-9a2e-e38d722695c7,Big Race,9675567e-ef9c-40bc-84a2-19f3c1a81c71,100 Miler PR Qual,81
Samuel,Bennett,samuel.bennett6947@peerracing.test,555-720-6928,1949-08-20,M,c49b3976-c4a2-4f5d-9a2e-e38d722695c7,Big Race,9675567e-ef9c-40bc-84a2-19f3c1a81c71,100 Miler PR Qual,82
Michelle,White,michelle.white3519@peerracing.test,555-549-8967,1965-03-23,F,c49b3976-c4a2-4f5d-9a2e-e38d722695c7,Big Race,9675567e-ef9c-40bc-84a2-19f3c1a81c71,100 Miler PR Qual,83
Kathleen,Foster,kathleen.foster4626@peerracing.test,555-996-7256,1993-02-12,F,c49b3976-c4a2-4f5d-9a2e-e38d722695c7,Big Race,9675567e-ef9c-40bc-84a2-19f3c1a81c71,100 Miler PR Qual,84
Nancy,Sanchez,nancy.sanchez9916@peerracing.test,555-341-5096,1952-09-05,F,c49b3976-c4a2-4f5d-9a2e-e38d722695c7,Big Race,9675567e-ef9c-40bc-84a2-19f3c1a81c71,100 Miler PR Qual,85
Barbara,Mitchell,barbara.mitchell3688@peerracing.test,555-228-6221,1956-11-20,F,c49b3976-c4a2-4f5d-9a2e-e38d722695c7,Big Race,9675567e-ef9c-40bc-84a2-19f3c1a81c71,100 Miler PR Qual,86
Timothy,Brooks,timothy.brooks7499@peerracing.test,555-264-2816,1992-11-03,M,c49b3976-c4a2-4f5d-9a2e-e38d722695c7,Big Race,9675567e-ef9c-40bc-84a2-19f3c1a81c71,100 Miler PR Qual,87
Benjamin,Rogers,benjamin.rogers9431@peerracing.test,555-447-3352,1974-02-17,M,c49b3976-c4a2-4f5d-9a2e-e38d722695c7,Big Race,9675567e-ef9c-40bc-84a2-19f3c1a81c71,100 Miler PR Qual,88
Eric,Campbell,eric.campbell1118@peerracing.test,555-738-9914,1993-07-07,M,c49b3976-c4a2-4f5d-9a2e-e38d722695c7,Big Race,9675567e-ef9c-40bc-84a2-19f3c1a81c71,100 Miler PR Qual,89
Jerry,Howard,jerry.howard5457@peerracing.test,555-336-1726,1979-08-10,M,c49b3976-c4a2-4f5d-9a2e-e38d722695c7,Big Race,9675567e-ef9c-40bc-84a2-19f3c1a81c71,100 Miler PR Qual,90
Julie,Chavez,julie.chavez2878@peerracing.test,555-997-8612,1990-12-06,F,c49b3976-c4a2-4f5d-9a2e-e38d722695c7,Big Race,9675567e-ef9c-40bc-84a2-19f3c1a81c71,100 Miler PR Qual,91
Raymond,Diaz,raymond.diaz1303@peerracing.test,555-640-3956,1996-12-08,M,c49b3976-c4a2-4f5d-9a2e-e38d722695c7,Big Race,9675567e-ef9c-40bc-84a2-19f3c1a81c71,100 Miler PR Qual,92
Carol,Wilson,carol.wilson1321@peerracing.test,555-535-5843,1975-07-01,F,c49b3976-c4a2-4f5d-9a2e-e38d722695c7,Big Race,9675567e-ef9c-40bc-84a2-19f3c1a81c71,100 Miler PR Qual,93
Samantha,Alvarez,samantha.alvarez6991@peerracing.test,555-370-8272,1979-07-16,F,c49b3976-c4a2-4f5d-9a2e-e38d722695c7,Big Race,9675567e-ef9c-40bc-84a2-19f3c1a81c71,100 Miler PR Qual,94
Scott,Martin,scott.martin7381@peerracing.test,555-579-7095,1987-10-30,M,c49b3976-c4a2-4f5d-9a2e-e38d722695c7,Big Race,9675567e-ef9c-40bc-84a2-19f3c1a81c71,100 Miler PR Qual,95
Larry,Moore,larry.moore8684@peerracing.test,555-575-7521,1976-03-15,M,c49b3976-c4a2-4f5d-9a2e-e38d722695c7,Big Race,9675567e-ef9c-40bc-84a2-19f3c1a81c71,100 Miler PR Qual,96
Ashley,Anderson,ashley.anderson434@peerracing.test,555-953-4048,1992-10-08,F,c49b3976-c4a2-4f5d-9a2e-e38d722695c7,Big Race,9675567e-ef9c-40bc-84a2-19f3c1a81c71,100 Miler PR Qual,97
Matthew,Moore,matthew.moore3888@peerracing.test,555-705-1430,1980-05-17,M,c49b3976-c4a2-4f5d-9a2e-e38d722695c7,Big Race,9675567e-ef9c-40bc-84a2-19f3c1a81c71,100 Miler PR Qual,98
Kathleen,Peterson,kathleen.peterson2136@peerracing.test,555-826-2412,1953-11-24,F,c49b3976-c4a2-4f5d-9a2e-e38d722695c7,Big Race,9675567e-ef9c-40bc-84a2-19f3c1a81c71,100 Miler PR Qual,99
Thomas,Green,thomas.green1225@peerracing.test,555-660-8632,1994-05-31,M,c49b3976-c4a2-4f5d-9a2e-e38d722695c7,Big Race,9675567e-ef9c-40bc-84a2-19f3c1a81c71,100 Miler PR Qual,100
Sarah,Jimenez,sarah.jimenez9042@peerracing.test,555-855-3981,1959-07-30,F,c49b3976-c4a2-4f5d-9a2e-e38d722695c7,Big Race,9675567e-ef9c-40bc-84a2-19f3c1a81c71,100 Miler PR Qual,101
Christopher,Adams,christopher.adams3704@peerracing.test,555-554-9501,1973-06-25,M,c49b3976-c4a2-4f5d-9a2e-e38d722695c7,Big Race,9675567e-ef9c-40bc-84a2-19f3c1a81c71,100 Miler PR Qual,102
Christopher,James,christopher.james9924@peerracing.test,555-545-1674,1950-07-18,M,c49b3976-c4a2-4f5d-9a2e-e38d722695c7,Big Race,9675567e-ef9c-40bc-84a2-19f3c1a81c71,100 Miler PR Qual,103
Jose,Adams,jose.adams9474@peerracing.test,555-938-6123,1965-01-11,M,c49b3976-c4a2-4f5d-9a2e-e38d722695c7,Big Race,9675567e-ef9c-40bc-84a2-19f3c1a81c71,100 Miler PR Qual,104
Deborah,Garcia,deborah.garcia6573@peerracing.test,555-252-4189,1980-07-10,F,c49b3976-c4a2-4f5d-9a2e-e38d722695c7,Big Race,9675567e-ef9c-40bc-84a2-19f3c1a81c71,100 Miler PR Qual,105
Thomas,Alvarez,thomas.alvarez5466@peerracing.test,555-685-9508,1988-12-30,M,c49b3976-c4a2-4f5d-9a2e-e38d722695c7,Big Race,9675567e-ef9c-40bc-84a2-19f3c1a81c71,100 Miler PR Qual,106
Scott,Rogers,scott.rogers2300@peerracing.test,555-535-6218,1962-07-30,M,c49b3976-c4a2-4f5d-9a2e-e38d722695c7,Big Race,9675567e-ef9c-40bc-84a2-19f3c1a81c71,100 Miler PR Qual,107
Katherine,Patel,katherine.patel4912@peerracing.test,555-807-6511,1993-07-06,F,c49b3976-c4a2-4f5d-9a2e-e38d722695c7,Big Race,9675567e-ef9c-40bc-84a2-19f3c1a81c71,100 Miler PR Qual,108
Catherine,Anderson,catherine.anderson6834@peerracing.test,555-797-6040,2004-06-14,F,c49b3976-c4a2-4f5d-9a2e-e38d722695c7,Big Race,9675567e-ef9c-40bc-84a2-19f3c1a81c71,100 Miler PR Qual,109
Scott,Stewart,scott.stewart4360@peerracing.test,555-871-4728,1952-08-09,M,c49b3976-c4a2-4f5d-9a2e-e38d722695c7,Big Race,9675567e-ef9c-40bc-84a2-19f3c1a81c71,100 Miler PR Qual,110
Nancy,Ortiz,nancy.ortiz6239@peerracing.test,555-351-4968,1950-10-31,F,c49b3976-c4a2-4f5d-9a2e-e38d722695c7,Big Race,9675567e-ef9c-40bc-84a2-19f3c1a81c71,100 Miler PR Qual,111
Larry,Gray,larry.gray8909@peerracing.test,555-588-7464,1978-12-18,M,c49b3976-c4a2-4f5d-9a2e-e38d722695c7,Big Race,9675567e-ef9c-40bc-84a2-19f3c1a81c71,100 Miler PR Qual,112
Ruth,Allen,ruth.allen7859@peerracing.test,555-419-4310,1996-04-26,F,c49b3976-c4a2-4f5d-9a2e-e38d722695c7,Big Race,9675567e-ef9c-40bc-84a2-19f3c1a81c71,100 Miler PR Qual,113
Donald,Miller,donald.miller8710@peerracing.test,555-431-4814,1952-09-16,M,c49b3976-c4a2-4f5d-9a2e-e38d722695c7,Big Race,9675567e-ef9c-40bc-84a2-19f3c1a81c71,100 Miler PR Qual,114
Timothy,Wood,timothy.wood7803@peerracing.test,555-688-4267,1973-10-08,M,c49b3976-c4a2-4f5d-9a2e-e38d722695c7,Big Race,9675567e-ef9c-40bc-84a2-19f3c1a81c71,100 Miler PR Qual,115
Donna,Chavez,donna.chavez979@peerracing.test,555-987-2465,2006-07-09,F,c49b3976-c4a2-4f5d-9a2e-e38d722695c7,Big Race,9675567e-ef9c-40bc-84a2-19f3c1a81c71,100 Miler PR Qual,116
Jonathan,Patel,jonathan.patel621@peerracing.test,555-379-7846,1963-10-09,M,c49b3976-c4a2-4f5d-9a2e-e38d722695c7,Big Race,9675567e-ef9c-40bc-84a2-19f3c1a81c71,100 Miler PR Qual,117
Adam,Gomez,adam.gomez8126@peerracing.test,555-390-5742,1951-05-12,M,c49b3976-c4a2-4f5d-9a2e-e38d722695c7,Big Race,9675567e-ef9c-40bc-84a2-19f3c1a81c71,100 Miler PR Qual,118
Joshua,Reed,joshua.reed9885@peerracing.test,555-309-6489,1973-07-12,M,c49b3976-c4a2-4f5d-9a2e-e38d722695c7,Big Race,9675567e-ef9c-40bc-84a2-19f3c1a81c71,100 Miler PR Qual,119
Daniel,Ward,daniel.ward6653@peerracing.test,555-637-9442,1977-06-02,M,c49b3976-c4a2-4f5d-9a2e-e38d722695c7,Big Race,9675567e-ef9c-40bc-84a2-19f3c1a81c71,100 Miler PR Qual,120
Ronald,Bennett,ronald.bennett1572@peerracing.test,555-389-3303,1990-11-01,M,c49b3976-c4a2-4f5d-9a2e-e38d722695c7,Big Race,9675567e-ef9c-40bc-84a2-19f3c1a81c71,100 Miler PR Qual,121
Evelyn,Young,evelyn.young121@peerracing.test,555-467-7284,1969-02-16,F,c49b3976-c4a2-4f5d-9a2e-e38d722695c7,Big Race,9675567e-ef9c-40bc-84a2-19f3c1a81c71,100 Miler PR Qual,122
Maria,Wright,maria.wright5410@peerracing.test,555-509-1187,1971-06-19,F,c49b3976-c4a2-4f5d-9a2e-e38d722695c7,Big Race,9675567e-ef9c-40bc-84a2-19f3c1a81c71,100 Miler PR Qual,123
Nancy,Phillips,nancy.phillips8243@peerracing.test,555-920-6095,1958-07-14,F,c49b3976-c4a2-4f5d-9a2e-e38d722695c7,Big Race,9675567e-ef9c-40bc-84a2-19f3c1a81c71,100 Miler PR Qual,124
Deborah,Ward,deborah.ward3628@peerracing.test,555-424-3188,1990-11-25,F,c49b3976-c4a2-4f5d-9a2e-e38d722695c7,Big Race,9675567e-ef9c-40bc-84a2-19f3c1a81c71,100 Miler PR Qual,125
Maria,Morgan,maria.morgan3588@peerracing.test,555-980-5054,2001-06-14,F,c49b3976-c4a2-4f5d-9a2e-e38d722695c7,Big Race,9675567e-ef9c-40bc-84a2-19f3c1a81c71,100 Miler PR Qual,126
Michael,Peterson,michael.peterson8291@peerracing.test,555-407-9792,1961-06-11,M,c49b3976-c4a2-4f5d-9a2e-e38d722695c7,Big Race,9675567e-ef9c-40bc-84a2-19f3c1a81c71,100 Miler PR Qual,127
Barbara,Rogers,barbara.rogers7308@peerracing.test,555-256-8429,1959-11-02,F,c49b3976-c4a2-4f5d-9a2e-e38d722695c7,Big Race,9675567e-ef9c-40bc-84a2-19f3c1a81c71,100 Miler PR Qual,128
Kyle,Rodriguez,kyle.rodriguez7744@peerracing.test,555-232-5703,1984-09-05,M,c49b3976-c4a2-4f5d-9a2e-e38d722695c7,Big Race,9675567e-ef9c-40bc-84a2-19f3c1a81c71,100 Miler PR Qual,129
Jerry,Moore,jerry.moore6897@peerracing.test,555-583-7266,1988-03-28,M,c49b3976-c4a2-4f5d-9a2e-e38d722695c7,Big Race,9675567e-ef9c-40bc-84a2-19f3c1a81c71,100 Miler PR Qual,130
Jonathan,Gomez,jonathan.gomez8674@peerracing.test,555-330-4648,1948-04-23,M,c49b3976-c4a2-4f5d-9a2e-e38d722695c7,Big Race,9675567e-ef9c-40bc-84a2-19f3c1a81c71,100 Miler PR Qual,131
Donald,Collins,donald.collins5681@peerracing.test,555-358-5516,1964-11-28,M,c49b3976-c4a2-4f5d-9a2e-e38d722695c7,Big Race,9675567e-ef9c-40bc-84a2-19f3c1a81c71,100 Miler PR Qual,132
William,Gonzalez,william.gonzalez9741@peerracing.test,555-234-8314,2001-08-18,M,c49b3976-c4a2-4f5d-9a2e-e38d722695c7,Big Race,9675567e-ef9c-40bc-84a2-19f3c1a81c71,100 Miler PR Qual,133
Christina,Jackson,christina.jackson8550@peerracing.test,555-426-7775,1974-12-16,F,c49b3976-c4a2-4f5d-9a2e-e38d722695c7,Big Race,9675567e-ef9c-40bc-84a2-19f3c1a81c71,100 Miler PR Qual,134
Linda,Bailey,linda.bailey9703@peerracing.test,555-952-3869,2004-02-28,F,c49b3976-c4a2-4f5d-9a2e-e38d722695c7,Big Race,9675567e-ef9c-40bc-84a2-19f3c1a81c71,100 Miler PR Qual,135
Dennis,Morgan,dennis.morgan7768@peerracing.test,555-446-4692,1974-12-24,M,c49b3976-c4a2-4f5d-9a2e-e38d722695c7,Big Race,9675567e-ef9c-40bc-84a2-19f3c1a81c71,100 Miler PR Qual,136
Kyle,Edwards,kyle.edwards6089@peerracing.test,555-294-9775,1965-02-01,M,c49b3976-c4a2-4f5d-9a2e-e38d722695c7,Big Race,9675567e-ef9c-40bc-84a2-19f3c1a81c71,100 Miler PR Qual,137
Joan,Clark,joan.clark6083@peerracing.test,555-520-7781,1952-02-07,F,c49b3976-c4a2-4f5d-9a2e-e38d722695c7,Big Race,9675567e-ef9c-40bc-84a2-19f3c1a81c71,100 Miler PR Qual,138
James,Ramirez,james.ramirez8295@peerracing.test,555-666-7114,1953-06-03,M,c49b3976-c4a2-4f5d-9a2e-e38d722695c7,Big Race,9675567e-ef9c-40bc-84a2-19f3c1a81c71,100 Miler PR Qual,139
Mary,Williams,mary.williams8683@peerracing.test,555-939-5501,1996-01-24,F,c49b3976-c4a2-4f5d-9a2e-e38d722695c7,Big Race,9675567e-ef9c-40bc-84a2-19f3c1a81c71,100 Miler PR Qual,140
Frank,Wood,frank.wood8938@peerracing.test,555-629-4611,1988-04-19,M,c49b3976-c4a2-4f5d-9a2e-e38d722695c7,Big Race,ea28907a-758e-45c6-ad6f-e97957a83718,100K,1
Diane,Smith,diane.smith2625@peerracing.test,555-914-7924,1978-07-11,F,c49b3976-c4a2-4f5d-9a2e-e38d722695c7,Big Race,ea28907a-758e-45c6-ad6f-e97957a83718,100K,2
Kyle,Carter,kyle.carter1301@peerracing.test,555-765-5803,2004-05-25,M,c49b3976-c4a2-4f5d-9a2e-e38d722695c7,Big Race,ea28907a-758e-45c6-ad6f-e97957a83718,100K,3
Pamela,Harris,pamela.harris1149@peerracing.test,555-246-4733,1973-12-17,F,c49b3976-c4a2-4f5d-9a2e-e38d722695c7,Big Race,ea28907a-758e-45c6-ad6f-e97957a83718,100K,4
Nathan,Robinson,nathan.robinson1664@peerracing.test,555-589-5554,1988-09-04,M,c49b3976-c4a2-4f5d-9a2e-e38d722695c7,Big Race,ea28907a-758e-45c6-ad6f-e97957a83718,100K,5
Scott,Brooks,scott.brooks2813@peerracing.test,555-746-5010,1962-08-29,M,c49b3976-c4a2-4f5d-9a2e-e38d722695c7,Big Race,ea28907a-758e-45c6-ad6f-e97957a83718,100K,6
Karen,King,karen.king2297@peerracing.test,555-452-9830,1971-07-28,F,c49b3976-c4a2-4f5d-9a2e-e38d722695c7,Big Race,ea28907a-758e-45c6-ad6f-e97957a83718,100K,7
Tyler,Mendoza,tyler.mendoza6926@peerracing.test,555-810-2040,1982-07-09,M,c49b3976-c4a2-4f5d-9a2e-e38d722695c7,Big Race,ea28907a-758e-45c6-ad6f-e97957a83718,100K,8
Shirley,Williams,shirley.williams1842@peerracing.test,555-571-6038,1969-06-25,F,c49b3976-c4a2-4f5d-9a2e-e38d722695c7,Big Race,ea28907a-758e-45c6-ad6f-e97957a83718,100K,9
Donald,Reed,donald.reed1300@peerracing.test,555-287-8962,1954-03-17,M,c49b3976-c4a2-4f5d-9a2e-e38d722695c7,Big Race,ea28907a-758e-45c6-ad6f-e97957a83718,100K,10
Elizabeth,Rogers,elizabeth.rogers3909@peerracing.test,555-485-8953,1967-03-22,F,c49b3976-c4a2-4f5d-9a2e-e38d722695c7,Big Race,ea28907a-758e-45c6-ad6f-e97957a83718,100K,11
Laura,Reyes,laura.reyes897@peerracing.test,555-889-2612,1953-06-09,F,c49b3976-c4a2-4f5d-9a2e-e38d722695c7,Big Race,ea28907a-758e-45c6-ad6f-e97957a83718,100K,12
Carolyn,Baker,carolyn.baker1800@peerracing.test,555-454-4139,1965-01-23,F,c49b3976-c4a2-4f5d-9a2e-e38d722695c7,Big Race,ea28907a-758e-45c6-ad6f-e97957a83718,100K,13
Jeffrey,Peterson,jeffrey.peterson1614@peerracing.test,555-251-9856,1949-04-28,M,c49b3976-c4a2-4f5d-9a2e-e38d722695c7,Big Race,ea28907a-758e-45c6-ad6f-e97957a83718,100K,14
Andrew,Ramirez,andrew.ramirez968@peerracing.test,555-793-9883,1953-06-20,M,c49b3976-c4a2-4f5d-9a2e-e38d722695c7,Big Race,ea28907a-758e-45c6-ad6f-e97957a83718,100K,15
Brandon,Hernandez,brandon.hernandez6878@peerracing.test,555-873-9565,1976-05-19,M,c49b3976-c4a2-4f5d-9a2e-e38d722695c7,Big Race,ea28907a-758e-45c6-ad6f-e97957a83718,100K,16
Gregory,Peterson,gregory.peterson4915@peerracing.test,555-879-2697,1960-01-18,M,c49b3976-c4a2-4f5d-9a2e-e38d722695c7,Big Race,ea28907a-758e-45c6-ad6f-e97957a83718,100K,17
Frank,Baker,frank.baker3345@peerracing.test,555-903-5325,1993-05-05,M,c49b3976-c4a2-4f5d-9a2e-e38d722695c7,Big Race,ea28907a-758e-45c6-ad6f-e97957a83718,100K,18
Brenda,Price,brenda.price7017@peerracing.test,555-774-1158,1958-01-13,F,c49b3976-c4a2-4f5d-9a2e-e38d722695c7,Big Race,ea28907a-758e-45c6-ad6f-e97957a83718,100K,19
Betty,Mendoza,betty.mendoza4098@peerracing.test,555-882-2684,1979-09-24,F,c49b3976-c4a2-4f5d-9a2e-e38d722695c7,Big Race,ea28907a-758e-45c6-ad6f-e97957a83718,100K,20
Patricia,Thompson,patricia.thompson5452@peerracing.test,555-621-5065,1971-12-08,F,c49b3976-c4a2-4f5d-9a2e-e38d722695c7,Big Race,ea28907a-758e-45c6-ad6f-e97957a83718,100K,21
Joseph,King,joseph.king2935@peerracing.test,555-794-5349,1951-06-07,M,c49b3976-c4a2-4f5d-9a2e-e38d722695c7,Big Race,ea28907a-758e-45c6-ad6f-e97957a83718,100K,22
Scott,Parker,scott.parker5673@peerracing.test,555-946-6139,1987-02-24,M,c49b3976-c4a2-4f5d-9a2e-e38d722695c7,Big Race,ea28907a-758e-45c6-ad6f-e97957a83718,100K,23
Matthew,Turner,matthew.turner6221@peerracing.test,555-893-3851,2003-03-22,M,c49b3976-c4a2-4f5d-9a2e-e38d722695c7,Big Race,ea28907a-758e-45c6-ad6f-e97957a83718,100K,24
Andrew,Rogers,andrew.rogers5501@peerracing.test,555-295-4848,2008-05-11,M,c49b3976-c4a2-4f5d-9a2e-e38d722695c7,Big Race,ea28907a-758e-45c6-ad6f-e97957a83718,100K,25
Amanda,Bennett,amanda.bennett6634@peerracing.test,555-941-3704,1989-12-06,F,c49b3976-c4a2-4f5d-9a2e-e38d722695c7,Big Race,ea28907a-758e-45c6-ad6f-e97957a83718,100K,26
Sarah,Reyes,sarah.reyes2987@peerracing.test,555-251-5262,1982-01-04,F,c49b3976-c4a2-4f5d-9a2e-e38d722695c7,Big Race,ea28907a-758e-45c6-ad6f-e97957a83718,100K,27
Betty,Collins,betty.collins5365@peerracing.test,555-545-7211,1972-12-17,F,c49b3976-c4a2-4f5d-9a2e-e38d722695c7,Big Race,ea28907a-758e-45c6-ad6f-e97957a83718,100K,28
William,Ramos,william.ramos3988@peerracing.test,555-304-5941,2001-11-12,M,c49b3976-c4a2-4f5d-9a2e-e38d722695c7,Big Race,ea28907a-758e-45c6-ad6f-e97957a83718,100K,29
Tyler,Reed,tyler.reed682@peerracing.test,555-555-9728,1986-06-07,M,c49b3976-c4a2-4f5d-9a2e-e38d722695c7,Big Race,ea28907a-758e-45c6-ad6f-e97957a83718,100K,30
Amanda,Brown,amanda.brown8108@peerracing.test,555-532-3979,1991-09-28,F,c49b3976-c4a2-4f5d-9a2e-e38d722695c7,Big Race,ea28907a-758e-45c6-ad6f-e97957a83718,100K,31
Brian,King,brian.king5586@peerracing.test,555-486-5526,1997-11-11,M,c49b3976-c4a2-4f5d-9a2e-e38d722695c7,Big Race,ea28907a-758e-45c6-ad6f-e97957a83718,100K,32
Michelle,Allen,michelle.allen3787@peerracing.test,555-323-4155,1976-04-22,F,c49b3976-c4a2-4f5d-9a2e-e38d722695c7,Big Race,ea28907a-758e-45c6-ad6f-e97957a83718,100K,33
Andrew,Robinson,andrew.robinson5922@peerracing.test,555-383-5952,1949-04-08,M,c49b3976-c4a2-4f5d-9a2e-e38d722695c7,Big Race,ea28907a-758e-45c6-ad6f-e97957a83718,100K,34
Paul,Garcia,paul.garcia903@peerracing.test,555-766-5786,1959-04-30,M,c49b3976-c4a2-4f5d-9a2e-e38d722695c7,Big Race,ea28907a-758e-45c6-ad6f-e97957a83718,100K,35
Amanda,White,amanda.white851@peerracing.test,555-458-8827,1958-03-27,F,c49b3976-c4a2-4f5d-9a2e-e38d722695c7,Big Race,ea28907a-758e-45c6-ad6f-e97957a83718,100K,36
Ronald,Morales,ronald.morales1223@peerracing.test,555-790-1878,1961-08-11,M,c49b3976-c4a2-4f5d-9a2e-e38d722695c7,Big Race,ea28907a-758e-45c6-ad6f-e97957a83718,100K,37
Christopher,Smith,christopher.smith6703@peerracing.test,555-661-8699,1974-02-16,M,c49b3976-c4a2-4f5d-9a2e-e38d722695c7,Big Race,ea28907a-758e-45c6-ad6f-e97957a83718,100K,38
Christopher,Flores,christopher.flores9759@peerracing.test,555-966-5728,1987-05-26,M,c49b3976-c4a2-4f5d-9a2e-e38d722695c7,Big Race,ea28907a-758e-45c6-ad6f-e97957a83718,100K,39
Cynthia,Hernandez,cynthia.hernandez9808@peerracing.test,555-240-8078,1976-11-30,F,c49b3976-c4a2-4f5d-9a2e-e38d722695c7,Big Race,ea28907a-758e-45c6-ad6f-e97957a83718,100K,40
Patricia,Lopez,patricia.lopez3760@peerracing.test,555-890-1339,2008-04-24,F,c49b3976-c4a2-4f5d-9a2e-e38d722695c7,Big Race,ea28907a-758e-45c6-ad6f-e97957a83718,100K,41
Joan,Scott,joan.scott2983@peerracing.test,555-799-8141,2004-12-12,F,c49b3976-c4a2-4f5d-9a2e-e38d722695c7,Big Race,ea28907a-758e-45c6-ad6f-e97957a83718,100K,42
Julie,Ross,julie.ross9022@peerracing.test,555-237-8451,1955-11-25,F,c49b3976-c4a2-4f5d-9a2e-e38d722695c7,Big Race,ea28907a-758e-45c6-ad6f-e97957a83718,100K,43
Katherine,Long,katherine.long8177@peerracing.test,555-840-8242,1952-08-18,F,c49b3976-c4a2-4f5d-9a2e-e38d722695c7,Big Race,ea28907a-758e-45c6-ad6f-e97957a83718,100K,44
Stephanie,James,stephanie.james2502@peerracing.test,555-707-1606,1959-04-29,F,c49b3976-c4a2-4f5d-9a2e-e38d722695c7,Big Race,ea28907a-758e-45c6-ad6f-e97957a83718,100K,45
Heather,King,heather.king5556@peerracing.test,555-838-7512,2006-04-19,F,c49b3976-c4a2-4f5d-9a2e-e38d722695c7,Big Race,ea28907a-758e-45c6-ad6f-e97957a83718,100K,46
Jeffrey,Perez,jeffrey.perez4916@peerracing.test,555-229-1753,1977-02-06,M,c49b3976-c4a2-4f5d-9a2e-e38d722695c7,Big Race,ea28907a-758e-45c6-ad6f-e97957a83718,100K,47
Scott,Rivera,scott.rivera3598@peerracing.test,555-851-4115,2003-09-14,M,c49b3976-c4a2-4f5d-9a2e-e38d722695c7,Big Race,ea28907a-758e-45c6-ad6f-e97957a83718,100K,48
Catherine,Long,catherine.long2250@peerracing.test,555-843-2591,2004-04-16,F,c49b3976-c4a2-4f5d-9a2e-e38d722695c7,Big Race,ea28907a-758e-45c6-ad6f-e97957a83718,100K,49
Peter,Nguyen,peter.nguyen5362@peerracing.test,555-965-7807,1963-10-04,M,c49b3976-c4a2-4f5d-9a2e-e38d722695c7,Big Race,ea28907a-758e-45c6-ad6f-e97957a83718,100K,50
Susan,Gray,susan.gray3840@peerracing.test,555-682-1410,2003-08-01,F,c49b3976-c4a2-4f5d-9a2e-e38d722695c7,Big Race,ea28907a-758e-45c6-ad6f-e97957a83718,100K,51
Emily,Jones,emily.jones6080@peerracing.test,555-422-8264,1987-11-23,F,c49b3976-c4a2-4f5d-9a2e-e38d722695c7,Big Race,ea28907a-758e-45c6-ad6f-e97957a83718,100K,52
Nathan,Campbell,nathan.campbell1637@peerracing.test,555-902-7018,1996-11-05,M,c49b3976-c4a2-4f5d-9a2e-e38d722695c7,Big Race,ea28907a-758e-45c6-ad6f-e97957a83718,100K,53
Linda,Gomez,linda.gomez4530@peerracing.test,555-394-3001,1988-10-17,F,c49b3976-c4a2-4f5d-9a2e-e38d722695c7,Big Race,ea28907a-758e-45c6-ad6f-e97957a83718,100K,54
Gregory,Ramirez,gregory.ramirez9793@peerracing.test,555-221-1828,1977-12-02,M,c49b3976-c4a2-4f5d-9a2e-e38d722695c7,Big Race,ea28907a-758e-45c6-ad6f-e97957a83718,100K,55
Gregory,Brown,gregory.brown2169@peerracing.test,555-215-6869,1969-05-06,M,c49b3976-c4a2-4f5d-9a2e-e38d722695c7,Big Race,ea28907a-758e-45c6-ad6f-e97957a83718,100K,56
Sarah,Patel,sarah.patel6907@peerracing.test,555-738-2862,1953-09-13,F,c49b3976-c4a2-4f5d-9a2e-e38d722695c7,Big Race,ea28907a-758e-45c6-ad6f-e97957a83718,100K,57
Cynthia,Jimenez,cynthia.jimenez5941@peerracing.test,555-725-2786,1988-07-20,F,c49b3976-c4a2-4f5d-9a2e-e38d722695c7,Big Race,ea28907a-758e-45c6-ad6f-e97957a83718,100K,58
Jason,Gonzalez,jason.gonzalez6115@peerracing.test,555-333-1982,2000-08-12,M,c49b3976-c4a2-4f5d-9a2e-e38d722695c7,Big Race,ea28907a-758e-45c6-ad6f-e97957a83718,100K,59
Christine,Thomas,christine.thomas6740@peerracing.test,555-562-7929,1952-08-12,F,c49b3976-c4a2-4f5d-9a2e-e38d722695c7,Big Race,ea28907a-758e-45c6-ad6f-e97957a83718,100K,60
Gregory,Morris,gregory.morris3684@peerracing.test,555-310-6736,1997-11-26,M,c49b3976-c4a2-4f5d-9a2e-e38d722695c7,Big Race,ea28907a-758e-45c6-ad6f-e97957a83718,100K,61
Christine,Diaz,christine.diaz7967@peerracing.test,555-821-8242,1985-02-26,F,c49b3976-c4a2-4f5d-9a2e-e38d722695c7,Big Race,ea28907a-758e-45c6-ad6f-e97957a83718,100K,62
Betty,Long,betty.long8404@peerracing.test,555-316-6655,1986-07-27,F,c49b3976-c4a2-4f5d-9a2e-e38d722695c7,Big Race,ea28907a-758e-45c6-ad6f-e97957a83718,100K,63
Andrew,Gray,andrew.gray9727@peerracing.test,555-698-9633,2007-11-07,M,c49b3976-c4a2-4f5d-9a2e-e38d722695c7,Big Race,ea28907a-758e-45c6-ad6f-e97957a83718,100K,64
Joshua,Ramirez,joshua.ramirez2258@peerracing.test,555-982-5186,1973-12-19,M,c49b3976-c4a2-4f5d-9a2e-e38d722695c7,Big Race,ea28907a-758e-45c6-ad6f-e97957a83718,100K,65
Edward,Morgan,edward.morgan3780@peerracing.test,555-712-6802,1954-06-19,M,c49b3976-c4a2-4f5d-9a2e-e38d722695c7,Big Race,ea28907a-758e-45c6-ad6f-e97957a83718,100K,66
Kelly,Patel,kelly.patel703@peerracing.test,555-646-1307,1989-03-31,F,c49b3976-c4a2-4f5d-9a2e-e38d722695c7,Big Race,ea28907a-758e-45c6-ad6f-e97957a83718,100K,67
Jason,Ramos,jason.ramos6570@peerracing.test,555-736-2288,1983-07-04,M,c49b3976-c4a2-4f5d-9a2e-e38d722695c7,Big Race,ea28907a-758e-45c6-ad6f-e97957a83718,100K,68
Brian,Cook,brian.cook1225@peerracing.test,555-517-8565,1988-07-17,M,c49b3976-c4a2-4f5d-9a2e-e38d722695c7,Big Race,ea28907a-758e-45c6-ad6f-e97957a83718,100K,69
Kathleen,Howard,kathleen.howard9091@peerracing.test,555-956-1672,1988-05-06,F,c49b3976-c4a2-4f5d-9a2e-e38d722695c7,Big Race,ea28907a-758e-45c6-ad6f-e97957a83718,100K,70
Frank,Cruz,frank.cruz7209@peerracing.test,555-736-9564,2002-09-16,M,c49b3976-c4a2-4f5d-9a2e-e38d722695c7,Big Race,ea28907a-758e-45c6-ad6f-e97957a83718,100K,71
Tyler,Watson,tyler.watson5492@peerracing.test,555-267-6401,1956-06-23,M,c49b3976-c4a2-4f5d-9a2e-e38d722695c7,Big Race,ea28907a-758e-45c6-ad6f-e97957a83718,100K,72
Samuel,Bennett,samuel.bennett6947@peerracing.test,555-720-6928,1949-08-20,M,c49b3976-c4a2-4f5d-9a2e-e38d722695c7,Big Race,ea28907a-758e-45c6-ad6f-e97957a83718,100K,73
Michelle,White,michelle.white3519@peerracing.test,555-549-8967,1965-03-23,F,c49b3976-c4a2-4f5d-9a2e-e38d722695c7,Big Race,ea28907a-758e-45c6-ad6f-e97957a83718,100K,74
Thomas,Martin,thomas.martin1274@peerracing.test,555-502-2657,1993-07-18,M,c49b3976-c4a2-4f5d-9a2e-e38d722695c7,Big Race,ea28907a-758e-45c6-ad6f-e97957a83718,100K,75
Heather,Jackson,heather.jackson2264@peerracing.test,555-239-5700,1990-05-21,F,c49b3976-c4a2-4f5d-9a2e-e38d722695c7,Big Race,ea28907a-758e-45c6-ad6f-e97957a83718,100K,76
Timothy,Brooks,timothy.brooks7499@peerracing.test,555-264-2816,1992-11-03,M,c49b3976-c4a2-4f5d-9a2e-e38d722695c7,Big Race,ea28907a-758e-45c6-ad6f-e97957a83718,100K,77
Eric,Campbell,eric.campbell1118@peerracing.test,555-738-9914,1993-07-07,M,c49b3976-c4a2-4f5d-9a2e-e38d722695c7,Big Race,ea28907a-758e-45c6-ad6f-e97957a83718,100K,78
Aaron,Mitchell,aaron.mitchell7169@peerracing.test,555-609-8204,1982-09-08,M,c49b3976-c4a2-4f5d-9a2e-e38d722695c7,Big Race,ea28907a-758e-45c6-ad6f-e97957a83718,100K,79
Samantha,Alvarez,samantha.alvarez6991@peerracing.test,555-370-8272,1979-07-16,F,c49b3976-c4a2-4f5d-9a2e-e38d722695c7,Big Race,ea28907a-758e-45c6-ad6f-e97957a83718,100K,80
William,Walker,william.walker6011@peerracing.test,555-570-7272,1998-11-21,M,c49b3976-c4a2-4f5d-9a2e-e38d722695c7,Big Race,ea28907a-758e-45c6-ad6f-e97957a83718,100K,81
Brandon,Torres,brandon.torres8057@peerracing.test,555-404-3009,1960-03-05,M,c49b3976-c4a2-4f5d-9a2e-e38d722695c7,Big Race,ea28907a-758e-45c6-ad6f-e97957a83718,100K,82
Kathleen,Peterson,kathleen.peterson2136@peerracing.test,555-826-2412,1953-11-24,F,c49b3976-c4a2-4f5d-9a2e-e38d722695c7,Big Race,ea28907a-758e-45c6-ad6f-e97957a83718,100K,83
Sarah,Jimenez,sarah.jimenez9042@peerracing.test,555-855-3981,1959-07-30,F,c49b3976-c4a2-4f5d-9a2e-e38d722695c7,Big Race,ea28907a-758e-45c6-ad6f-e97957a83718,100K,84
Angela,Davis,angela.davis2044@peerracing.test,555-730-3507,1975-04-14,F,c49b3976-c4a2-4f5d-9a2e-e38d722695c7,Big Race,ea28907a-758e-45c6-ad6f-e97957a83718,100K,85
Samantha,Jackson,samantha.jackson5131@peerracing.test,555-935-6231,1978-12-26,F,c49b3976-c4a2-4f5d-9a2e-e38d722695c7,Big Race,ea28907a-758e-45c6-ad6f-e97957a83718,100K,86
Michael,Nguyen,michael.nguyen6303@peerracing.test,555-830-7850,1970-04-10,M,c49b3976-c4a2-4f5d-9a2e-e38d722695c7,Big Race,ea28907a-758e-45c6-ad6f-e97957a83718,100K,87
Jose,Adams,jose.adams9474@peerracing.test,555-938-6123,1965-01-11,M,c49b3976-c4a2-4f5d-9a2e-e38d722695c7,Big Race,ea28907a-758e-45c6-ad6f-e97957a83718,100K,88
Gary,Rogers,gary.rogers7658@peerracing.test,555-710-6055,1992-08-14,M,c49b3976-c4a2-4f5d-9a2e-e38d722695c7,Big Race,ea28907a-758e-45c6-ad6f-e97957a83718,100K,89
Elizabeth,Roberts,elizabeth.roberts8271@peerracing.test,555-661-5582,2003-11-30,F,c49b3976-c4a2-4f5d-9a2e-e38d722695c7,Big Race,ea28907a-758e-45c6-ad6f-e97957a83718,100K,90
Thomas,Gonzalez,thomas.gonzalez6463@peerracing.test,555-582-6555,1998-01-17,M,c49b3976-c4a2-4f5d-9a2e-e38d722695c7,Big Race,ea28907a-758e-45c6-ad6f-e97957a83718,100K,91
Maria,Jackson,maria.jackson3271@peerracing.test,555-816-9341,1984-01-04,F,c49b3976-c4a2-4f5d-9a2e-e38d722695c7,Big Race,ea28907a-758e-45c6-ad6f-e97957a83718,100K,92
Rachel,Reed,rachel.reed4921@peerracing.test,555-686-1272,1981-01-17,F,c49b3976-c4a2-4f5d-9a2e-e38d722695c7,Big Race,ea28907a-758e-45c6-ad6f-e97957a83718,100K,93
Timothy,Nelson,timothy.nelson7749@peerracing.test,555-302-3252,1948-06-18,M,c49b3976-c4a2-4f5d-9a2e-e38d722695c7,Big Race,ea28907a-758e-45c6-ad6f-e97957a83718,100K,94
Jonathan,Patel,jonathan.patel621@peerracing.test,555-379-7846,1963-10-09,M,c49b3976-c4a2-4f5d-9a2e-e38d722695c7,Big Race,ea28907a-758e-45c6-ad6f-e97957a83718,100K,95
Daniel,Ward,daniel.ward6653@peerracing.test,555-637-9442,1977-06-02,M,c49b3976-c4a2-4f5d-9a2e-e38d722695c7,Big Race,ea28907a-758e-45c6-ad6f-e97957a83718,100K,96
Ronald,Bennett,ronald.bennett1572@peerracing.test,555-389-3303,1990-11-01,M,c49b3976-c4a2-4f5d-9a2e-e38d722695c7,Big Race,ea28907a-758e-45c6-ad6f-e97957a83718,100K,97
Maria,Wright,maria.wright5410@peerracing.test,555-509-1187,1971-06-19,F,c49b3976-c4a2-4f5d-9a2e-e38d722695c7,Big Race,ea28907a-758e-45c6-ad6f-e97957a83718,100K,98
Ryan,Myers,ryan.myers9934@peerracing.test,555-582-7813,1997-04-10,M,c49b3976-c4a2-4f5d-9a2e-e38d722695c7,Big Race,ea28907a-758e-45c6-ad6f-e97957a83718,100K,99
Michael,Peterson,michael.peterson8291@peerracing.test,555-407-9792,1961-06-11,M,c49b3976-c4a2-4f5d-9a2e-e38d722695c7,Big Race,ea28907a-758e-45c6-ad6f-e97957a83718,100K,100
Barbara,Rogers,barbara.rogers7308@peerracing.test,555-256-8429,1959-11-02,F,c49b3976-c4a2-4f5d-9a2e-e38d722695c7,Big Race,ea28907a-758e-45c6-ad6f-e97957a83718,100K,101
Linda,Bailey,linda.bailey9703@peerracing.test,555-952-3869,2004-02-28,F,c49b3976-c4a2-4f5d-9a2e-e38d722695c7,Big Race,ea28907a-758e-45c6-ad6f-e97957a83718,100K,102
Edward,Young,edward.young4187@peerracing.test,555-408-6411,2006-01-07,M,c49b3976-c4a2-4f5d-9a2e-e38d722695c7,Big Race,ea28907a-758e-45c6-ad6f-e97957a83718,100K,103
Kyle,Edwards,kyle.edwards6089@peerracing.test,555-294-9775,1965-02-01,M,c49b3976-c4a2-4f5d-9a2e-e38d722695c7,Big Race,ea28907a-758e-45c6-ad6f-e97957a83718,100K,104
Aaron,Ross,aaron.ross9636@peerracing.test,555-941-4555,1991-01-03,M,c49b3976-c4a2-4f5d-9a2e-e38d722695c7,Big Race,ea28907a-758e-45c6-ad6f-e97957a83718,100K,105
Deborah,Rogers,deborah.rogers8157@peerracing.test,555-677-2615,1990-02-13,F,c49b3976-c4a2-4f5d-9a2e-e38d722695c7,Big Race,ea28907a-758e-45c6-ad6f-e97957a83718,100K,106
Matthew,Nelson,matthew.nelson3778@peerracing.test,555-588-5026,1992-10-17,M,c49b3976-c4a2-4f5d-9a2e-e38d722695c7,Big Race,ea28907a-758e-45c6-ad6f-e97957a83718,100K,107
Raymond,Rivera,raymond.rivera2783@peerracing.test,555-343-9954,1991-10-23,M,c49b3976-c4a2-4f5d-9a2e-e38d722695c7,Big Race,ea28907a-758e-45c6-ad6f-e97957a83718,100K,108
Christine,Morales,christine.morales267@peerracing.test,555-206-9719,1997-06-28,F,c49b3976-c4a2-4f5d-9a2e-e38d722695c7,Big Race,ea28907a-758e-45c6-ad6f-e97957a83718,100K,109
Mary,Williams,mary.williams8683@peerracing.test,555-939-5501,1996-01-24,F,c49b3976-c4a2-4f5d-9a2e-e38d722695c7,Big Race,ea28907a-758e-45c6-ad6f-e97957a83718,100K,110